indice_tiempo,afganistan,albania,argelia,angola,argentina,armenia,aruba,australia,austria,azerbaiyan,bahamas,bahrein,bangladesh,barbados,belarus,belgica,belice,benin,islas_bermudas,bolivia,bosnia_herzegovina,botswana,brasil,islas_virgenes_britanicas,brunei_darussalam,bulgaria,burkina_faso,burundi,cabo_verde,camboya,camerun,canada,islas_caiman,republica_centroafricana,chad,chile,china,china_rae_de_hong_kong,china_rae_de_macao,china_provincia_de_taiwan,colombia,congo,islas_cook,costa_rica,cote_divoire,croacia,curazao,chipre,czechia,checoslovaquia,rep_dem_del_congo,dinamarca,republica_dominicana,ecuador,egipto,el_salvador,guinea_ecuatorial,estonia,fiyi,finlandia,francia,polinesia_frances,gabon,gambia,georgia,alemania,ghana,grecia,guatemala,guinea,guinea_bissau,guayana,haiti,honduras,hungria,islandia,india,indonesia,iran,irak,irlanda,israel,italia,jamaica,japon,jordan,kazakhstan,kenia,kiribati,rep_de_corea,kuwait,kirguistan,lao,letonia,libano,liberia,libia,lituania,luxemburgo,madagascar,malawi,malasia,mali,malta,mauritania,mauricio,mejico,mongolia,montenegro,marruecos,mozambique,namibia,paises_bajos,antillas_holandesas,nueva_caledonia,nueva_zelanda,nicaragua,niger,nigeria,noruega,oman,pakistan,panama,papua_nueva_guinea,paraguay,peru,filipinas,polonia,portugal,katar,republica_de_moldova,rumania,federacion_rusa,ruanda,santo_tome_principe,arabia_saudita,senegal,serbia,serbia_montenegro,seychelles,sierra_leona,singapur,sint_maarten,eslovaquia,eslovenia,islas_salomon,sudafrica,espanna,sri_lanka,estado_de_palestina,suriname,swazilandia,suecia,suiza,tailandia,tfyr_de_macedonia,timor_oriental,tonga,trinidad_tobago,tunez,turquia,uganda,ucrania,emiratos_arabes_unidos,reino_unido,estados_unidos,uruguay,venezuela,viet_nam,yemen,zambia,zimbabue
1980-01-01,9.0,,348.67,37.42,678.0,,,1866.223965,239.3,,4.0999999,-418.04,8.5099999,2.7999999,,1544.78,,4.32,,47.0,,111.55,1910.2,-1.1399999,-19.57,,0.02,4.5999999,,1.0,129.828,5807.29033,19.5599999,5.3399999,-0.43,213.1999999,57.0,710.2014093,,166.0,157.1399999,40.0321847,,52.65902,94.6599999,,,84.9699999,,,109.62,104.12,92.7,70.0,548.2899999,5.8799999,,,36.3299999,24.35402008,3328.241653,,31.52,0.28,,,15.6,672.0,110.7,0.56,,0.59,13.0,5.7999999,,22.3,79.1599999,,80.9099999,1.53,286.4499999,9.0,576.58,27.6999999,278.0,33.8299999,,78.9699999,,47.1,0.83,,,,-12.16,71.92,-1089.34,,,-0.79,9.48,933.8999999,2.37,26.6299999,27.09,1.1699999,2099.301,,,89.42,4.36,,2518.726852,35.0,,334.0865703,12.5333333,49.1199999,-738.87,59.82,98.4369999,63.63,,75.5236,29.789,27.0,114.0,10.0,57.19834424,10.84,,,,16.42,,-3192.31,14.48,,,9.5199999,-18.6703,1235.75,,,,2.41,-10.3,1492.7,42.8999999,,18.1,26.4499999,250.91,,188.994,,,,143.416,246.4799999,18.0,4.0,,97.64,10122.8,16918.0,289.5,80.1749999,1.6666666,,61.75,1.6
1981-01-01,0.18,,13.21,49.0499999,837.0,,,2346.546543,327.5199999,,34.3999999,4.15,5.36,8.4,,1386.45,-2.0,2.0899999,,75.7,,88.4399999,2521.9,,-11.1099999,,2.43,11.08,,,135.3909999,661.434136,97.12,5.78,-0.11,383.0,265.0,2062.785582,,151.0,265.0,30.8430028,,69.60102,32.75,,,78.2999999,,,69.6299999,99.4539999,79.7,60.0,752.57,-5.7199999,-0.18,,36.25,79.61558647,2426.068421,0.13,54.5799999,2.2799999,,,16.26,520.0,127.0999999,-1.31,,-1.78,8.3399999,-3.6,,53.0,91.92,,28.2199999,4.12,203.4499999,80.0,1127.03,-11.5,189.0,140.81,,14.15,,155.0999999,1.21,,,,1.6599999,287.9499999,-744.13,,,-0.8,1.12,1264.69,3.68,39.0499999,12.44,0.67,3075.9,,,58.5799999,0.37,,1883.443117,15.111,,176.9619792,-0.03,-6.11,542.327,684.9016728,62.536,108.09,303.1999999,86.1792999,38.573,125.0,243.0,18.0,62.72145484,3.7799999,,,,18.03,,6498.14,34.3699999,,,10.07,7.5058299,1659.97,,,,0.23,65.0,1706.77,50.2,,61.7,37.0799999,181.12,,288.9939999,,,,183.292,327.22,95.0,,,-16.94,5879.38,25195.0,48.6,163.362,17.91,,-38.4099999,3.6
1982-01-01,0.1,,-53.57,115.81,227.0,,,2286.32173,207.9199999,,2.7999999,28.46,6.96,4.5999999,,1472.18,,-0.01,,31.1,,21.07,3115.2,2.5299999,6.21,,1.95,0.9,,,111.44,124.0141684,19.93,9.15,-0.12,400.8,430.0,1236.856768,0.26,104.0,366.0,35.3493241,,28.9000099,47.4699999,,,71.5199999,,,-2.37,133.8499999,-1.3999999,40.0,293.5699999,-1.0,0.45,,36.8299999,-2.801182216,1559.014352,5.0,131.74,0.27,,,16.3,436.0,77.0999999,-0.4,,4.4299999,7.08,13.8,,35.7999999,72.0799999,,-136.09,2.4199999,242.0099999,21.0,617.1799999,-15.8,439.0,59.43,,13.0,,120.9,-0.09,,,,-0.67,312.87,-391.8199999,,,-0.09,6.0,1397.2,1.52,20.87,14.97,1.7,1900.298,,,79.53,1.9299999,,1156.743835,-153.889,,274.6489971,9.9666666,28.2199999,430.6109999,425.4705974,182.108,63.8299999,366.6,85.8880999,36.706,48.0,193.0,14.0,60.47871354,3.71,,,,20.6999999,,11128.4,28.0599999,,,10.01,4.68252,1601.85,,,,1.03,329.6999999,1782.69,63.6,,-11.1,-13.63,394.1355583,,187.994,,,,210.999,370.69,55.0,2.02,,95.06,5413.26,13810.0,-13.6999999,253.628,13.05,,38.9799999,0.8
1983-01-01,,,0.42,104.33,185.0,,,2990.964045,216.12,,-6.0,64.0999999,0.4,3.7,,1289.7,,0.01,,7.0,,23.7899999,1326.1,17.5399999,3.62,,1.98,3.04,,,213.821,2001.752649,17.52,4.4699999,-0.09,135.3,916.0,1144.127082,8.15,149.0,618.0,56.0795242,,60.7000099,37.53,,,68.3599999,,,-192.7899999,60.131,48.2,50.0,490.0,28.0799999,0.52,,31.9499999,70.07081642,1631.008025,-4.0,111.84,-0.4,,,2.3999999,439.0,45.0,0.38,,4.73,8.4199999,17.5,,-23.3999999,5.6399999,,-78.5199999,-0.234,169.65,77.0,1189.58,-18.6999999,416.0,34.8599999,,23.7399999,-0.9,184.3,0.04,,,,0.6,49.1,-326.63,,,3.71,2.5499999,1260.53,3.1499999,24.51,1.37,1.62,2191.599,,,46.1199999,2.47,,793.629598,-95.611,,243.1903365,0.1,1.22,364.435,343.1843506,154.603,29.46,79.4,138.8669999,5.065,38.0,247.0,16.0,76.28590135,0.95,,,,11.1199999,,4943.9,-34.6899999,,,9.1199999,1.6973199,1133.91,,,,0.435,70.9,1622.39,37.5,,81.5,-5.65,282.4850562,286.307726,355.9939999,,,,81.5,209.22,46.0,,,45.5399999,5178.78,11518.0,5.5999999,203.076,0.1311111,,25.73,2.1
1984-01-01,,,0.8,67.14,268.0,,,428.2504914,115.2399999,,-4.9,140.69,-0.55,0.05,,389.37,3.2,0.01,,7.0,,62.1499999,1501.2,1.24,0.8,,1.6699999,1.1899999,,,17.6677,4753.411013,668.24,5.15,9.1899999,77.5999999,1419.0,1287.739696,,199.0,584.0,34.9485189,,55.8340099,21.7399999,,,52.6899999,,,-32.45,-15.3569999,68.5,50.0,729.1399999,12.3599999,2.1699999,,23.3099999,109.7480729,2196.507916,1.0,8.1199999,-1.7,,,2.0,485.0,38.0,0.7,2.29,4.49,4.46,20.4499999,,13.6999999,19.2399999,,42.6899999,-2.749,121.36,88.0,1320.64,12.1999999,-10.0,77.4899999,,10.75,,223.3,-6.03,,,,5.07,36.2,-16.89,,,8.57,27.2899999,797.48,10.07,26.25,8.5299999,4.9299999,1540.999,,,46.99,-2.9199999,,700.9002895,3.444,,116.2138107,7.4444444,1.45,189.1649999,-220.5487744,158.079,55.5099999,-135.5,115.687,0.875,-89.0,137.0,28.0,126.7371792,-14.94,,,,15.07,,4849.86,29.09,,,9.7699999,5.85669,1301.87,,,,1.963,419.5,1771.83,32.6099999,,-70.9,5.0199999,321.6841558,520.496408,411.9939999,,,0.02,113.209,141.4799999,113.0,,,170.24,-347.3199999,25567.0,3.3999999,-775.4539999,0.69,,17.1499999,2.5
1985-01-01,,,0.4,278.0,919.0,,,2098.624894,169.1679354,,-30.1999999,101.33,-6.66,4.8499999,,1051.49,6.0,-0.09,,10.0,,53.6099999,1418.4,16.43,3.6699999,,-1.4299999,0.538567,,,316.2289999,1372.411167,453.98,2.99,53.6499999,144.3,1956.0,-267.2206209,-0.38,342.0,1023.0,12.6896717,,69.84401,29.16,,,57.95,,,69.1899999,124.0987505,36.2,62.0,1177.57,12.4,2.4399999,,12.56989294,87.27301093,2207.831077,0.21,15.1099999,-0.5,,,5.5999999,447.0,61.7999999,1.11,1.4399999,1.81,4.9199999,27.5,,23.6,106.09,,-38.1499999,-1.1599999,163.66,112.3,1071.7,-9.0,608.7131502,24.9499999,,28.85,0.219290588,355.3,7.25,,-1.62,,6.9299999,-16.1999999,119.2399999,,,-0.18,0.52,694.71,2.89,18.9699999,6.98,7.9699999,1983.6,,,19.98,0.33,16.3599999,1615.6922,-281.6669999,,225.3665914,-0.01,-9.38,485.581,-394.6620016,161.2649999,47.4409274,67.2999999,83.3491,7.8689999,1.0,105.0,15.0,190.3749493,7.9699999,,,,14.6199999,,491.42,-18.8999999,,,11.65,-30.957,1046.75,,,,0.675,-448.0,1967.8,24.3999999,,21.3,11.65,429.5750077,1050.412473,159.994,,,0.13,49.6729999,138.9199999,99.0,-4.0,,-220.96,5668.299869,20490.0,-7.9,98.9959999,-0.08,,51.53,2.8999999
1986-01-01,,,5.32,234.0,574.0,,,5369.760089,183.4009078,,-13.1999999,-31.91,2.4399999,7.75,,729.86,8.3,1.1,,13.4,,70.4,317.151,-3.58,-6.0499999,,3.14,1.52403,-0.0087341,,-90.7001999,2852.824757,14.2799999,8.16,28.1999999,315.5,2243.73,1888.31359,0.05,326.0,674.0,22.439692,,60.91901,70.75,,,46.32,,,5.5499999,161.2905219,50.0,80.7322999,1217.43,24.1299999,5.6299999,,12.09317918,285.0334215,2861.5292768,-0.03,110.25,-1.99,,,4.2999999,471.0,68.7999999,8.4,0.82,-9.0,4.82,30.0,,8.5,117.73,,-112.44,0.918,250.2933545,143.4,-171.7599999,-4.5999999,242.1077617,22.75,,32.7299999,0.106285554,682.5,-14.5299999,,,,10.48,-16.5,-176.9199999,,,14.0399999,-2.93,488.87,-8.3699999,21.8799999,4.49,7.4299999,2400.699,0.14,,0.55,1.5,9.0,3355.608263,115.833,,389.4080997,0.06,17.6,193.215,1033.707744,140.321,92.237961,20.3,90.8045999,31.0,22.0,157.0,16.0,200.502921,-1.47,,,,17.5799999,,966.7,-3.7799999,,,14.1999999,-140.311,1710.28,,,,3.101,-49.8999999,3450.6,28.1999999,,-60.3999999,34.1999304,1079.540063,1172.925978,261.9939999,,,0.18,19.917,85.93,125.0,,,110.2099999,8274.73589,36145.0,37.0,-229.389,0.04,,28.32,7.5
1987-01-01,0.4,,3.71,119.0,-19.0,,1.0878757,5190.522203,395.491398,,10.8,-35.8999999,3.21,7.09999995,,2354.92,8.0,0.1,,38.1,,113.58,1169.1,-0.27,-0.07,,1.33,1.36771,2.78614,,115.926,8114.691664,104.7399999,11.9,8.16,890.5,2313.53,6249.829234,-0.09,715.0,319.0,43.4488931,,94.01801,87.51,,,51.96,,,-55.0799999,88.0075785,89.0,122.9002,947.71,18.32,1.6799999,,1.447108195,226.1999657,4899.1990307,-0.09,89.84,1.48,,,4.7,683.0,150.1999999,12.85,0.12,4.3499999,4.6799999,38.6499999,,2.3999999,212.3199999,,-307.63,-4.291,322.4766204,224.0999999,4174.57,53.3999999,1177.422254,39.5,,39.38,0.21916005,838.6,-6.32,,,,1.25,38.5,-97.6299999,,,3.47,0.09,422.68,-5.99,19.39,1.6799999,17.16,2634.599,,,59.57,6.2,-0.17,2583.523816,2.5,,237.2297234,2.41,14.82,610.552,146.0493213,34.8509999,110.0658893,-556.5,93.1788999,8.5,32.0,415.0,12.0,418.5037699,-2.97,,,,17.55,0.24,-1174.9,-2.1,,,19.3999999,39.4095,2836.2,,,,10.483,-190.0999999,4570.7,58.2,,-129.5999999,57.5046811,645.0833065,2178.7968,353.9939999,,,0.05,33.1379999,102.76,115.0,,,46.7199999,14684.78215,59581.0,50.1,477.72,10.3637037,,74.51,30.5
1988-01-01,,,13.02,131.0,1147.0,,12.2640166,8476.377245,445.4270835,,36.7,222.0699999,1.84,11.7294093,,5212.47,14.0,,,31.8999999,,39.92,2805.0,1.48,0.46,,3.71,1.19662,0.597912,,92.3624999,6124.919762,22.43,-3.83,1.29,967.8999999,3193.68,4978.94948,0.35,961.0,203.0,9.0952432,,123.14401,51.7,,,62.1499999,,,-3.9399999,503.7495246,106.0999999,154.4979999,1190.0,16.96,0.5,,35.93752178,441.1134481,7196.6616594,2.0099999,132.52,1.1699999,,,5.0,907.0,329.6999999,15.68,0.68,2.1,10.1,48.2999999,,12.335653,91.25,,60.5399999,-3.383,257.4386831,267.1999999,6801.43,-12.0,-483.8004869,23.73,,0.39,0.256268019,1293.1,16.32,,2.0,,-0.27,290.1499999,97.98,,,2.91,17.44,719.4199999,7.0499999,40.7999999,1.9299999,23.7399999,2879.996,,,84.54,4.5,-1.51,4752.152114,6.6669999,,155.9224319,-0.09,6.91,378.6669999,636.9514714,91.808,133.7165499,-595.1,153.494,6.237,26.0,999.0,15.0,841.8895496,-20.6299999,,,,21.05,0.2,-328.44,1.1799999,,,23.1999999,-23.0885,3654.952743,,,,1.681,161.5,7020.57,43.0,,-171.0,56.8998192,1671.051794,1924.417413,1105.994,,,0.03,62.907,76.17,354.0,4.7,,188.8899999,20566.73247,58571.0,46.7999999,720.176,7.6799999,,93.26,18.5
1989-01-01,,,12.09,200.0,1028.0,,1.3,7936.106279,581.9797894,,25.3999999,180.8499999,0.25,8.6829639,,7020.27,20.14999995,62.1,,36.0,,42.1899999,1129.9,70.9599999,10.0,,5.6699999,0.567227,0.174023,,-85.7343999,6010.185897,79.4599999,1.29,18.7399999,1283.7,3392.57,2041.094981,-0.6,1604.0,576.0,-7.1252131,,101.2000099,18.4899999,,,69.75,,,-6.11,1083.558932,110.0,159.7001,1250.18,14.4,0.89,,38.3596367,388.2043804,13074.4226081,41.5399999,-30.53,14.7899999,,,15.0,752.0,76.2,12.33,0.47,-2.06,9.3599999,51.0,,23.63179283,252.0999999,,-19.42,0.39,192.7593357,160.4,2528.259808,57.1,-1059.696732,-1.35,,62.1899999,0.180294164,1389.6,3.66,,4.0,,1.59,656.0399999,125.17,,,12.82,9.2899999,1667.87,6.36,51.6499999,3.47,35.7999999,3175.5,,,167.06,3.3999999,-0.48,7836.941552,17.398,,433.573543,2.7999999,0.76,1884.25,1740.603954,112.354,184.3451635,51.5,203.3909999,12.8,59.0,568.0,11.0,1564.713978,-1.5,,,,15.5399999,-0.05,-654.21,18.21,,,22.43,22.3564,2886.58948,,,,11.599,-206.6999999,8428.38,17.8999999,,-299.6999999,72.4742661,1808.219014,1448.114822,1837.0,,,0.17,148.894,91.84,663.0,-1.76,,38.7899999,28478.02503,69010.0,37.7,570.446,4.07,,163.6399999,10.1999999
1990-01-01,1e-05,,40.0,-334.5,1836.0,,130.5029999,7904.391676,653.0,,-17.3,-182.9,3.23878,11.21328275,,8046.73,19.0,62.3767285,,67.0,,95.9,988.7999999,18.35,7.0,4.0,0.46,1.25543,0.252601,,-112.831,7582.276,49.0399999,0.69785,9.4,661.2,3487.11,3275.072298,0.48,1330.0,500.0,22.5515582,,162.4,48.4344296,,,126.62,,165.0,-14.46,1132.15,132.8,126.1795,734.0,1.8999999,11.0738,,84.13745596,644.6694172,16520.243244,22.16,73.4578999,14.1199999,,2962.363761,14.8,1005.0,59.2999999,17.8599999,2.02,7.9,8.0,43.5,553.8089999,22.08160758,236.69,,-361.9499999,-6.8099999,621.9109999,137.12,6344.876,174.9,1806.039008,37.6499999,,57.1,0.299751768,1045.6,5.5999999,,6.0,,6.45,225.24,158.911,,,22.3850223,23.3,2611.0,5.72972,45.7939999,6.73622,40.97285296,2633.238,,,165.0,9.1999999,29.56727425,11063.315,8.101,,1684.763155,0.67,40.8132,1002.5,1563.802969,142.263,278.3311425,135.535,155.413,71.0557999,41.1,550.0,88.0,2363.322636,4.8799999,,0.01,,7.66,,312.0,56.9298293,,,0.26232457,32.4346999,5574.749108,,,,10.44,-78.45956434,10797.15159,43.3513999,,-76.7999999,28.4608802,1971.176541,5483.889545,2575.0,,,0.2,109.4,88.7,684.0,-5.91,,-115.8199999,30461.116,48422.0,41.5399999,778.1919999,180.0,-130.9,202.78,12.1999999
1991-01-01,-0.28,,80.0,664.1,2439.0,,184.749,4055.275129,360.0,,-1.3,619.5,1.3904399,7.42492125,,9362.56,15.05,120.7804131,,95.7,,-8.2114802,1102.2,4.86,5.0,55.8999999,0.57,0.8925,1.7443299,,-14.4979999,2880.957,-8.5399999,-4.8740399,4.2395399,822.1,4366.34,1020.860063,10.72,1271.0,456.8999999,32.7535296,,178.4,18.5248859,,,81.7999999,,604.0,12.39,1552.52,145.0,160.1431,253.0,25.1999999,41.3248,,11.31773693,-207.7861406,16186.4952165,33.82,-54.5891999,8.0299999,,4727.24972,20.0,1135.0,90.4,38.77,2.0899999,12.34,13.6,52.1,1470.419,18.27233233,75.0,,22.59,7.6859999,1361.668,49.56,2481.577,171.1999999,1284.26882,-11.89,,18.8,0.508662055,1455.2,0.8,,6.9,,1.6299999,8.41,91.9038,,,13.6817622,-28.6999999,4043.0,1.20522,76.983,2.26979,18.97484715,4761.498,11.1199999,,317.0,22.5,120.4858546,6074.612329,33.408,,1691.366072,42.0,15.1574,1123.9,302.3319667,135.241,271.9186785,108.525,116.7189999,80.9955999,-7.0,556.0,359.0,2186.582866,42.5399999,,40.0,,4.58,,165.0,-7.443984,,,21.55290577,7.50447,4887.09444,,,,14.513,248.0697637,9633.026352,67.0,,18.5,85.3676204,6353.203736,2642.27784,2049.0,,,0.36,144.0999999,172.8,810.0,1.0,,25.94,14846.168,22799.0,32.34,231.159,375.190278,282.5,34.34,2.7999999
1992-01-01,0.36,20.0,30.0,288.0,4430.978,2.3999999,-16.25698324,5479.381633,1485.517753,,0.3,868.62,3.7218499,14.44999995,7.0,11285.8,17.8,77.5731793,,122.0999999,,-1.5,2061.0,-131.22,7.0,41.5,3.1130521,0.600088,0.450472,33.0,29.2038,4723.744,27.4899999,-10.6766,1.96078,935.2999999,11007.51,3887.467096,-19.5,879.0,728.7,2.7390325,,226.0,69.0538437,13.0,,107.4,,1103.0,-0.73,1017.39,179.6999999,177.8968999,459.0,15.3,6.01832,81.89998767,38.58974444,397.7869999,18750.6703965,0.03,126.94,12.93,,-2089.399033,22.5,1144.0,94.0999999,19.69,5.83,146.6059999,-1.8,47.6,1477.004,-12.73765811,252.0,,8.5,0.093,1458.175,303.8679999,3209.808,190.4,2755.603983,40.7199999,100.0,6.0,0.475893218,1001.6,35.2999999,,7.7999999,31.5,18.46,-10.85,99.0931,10.0,,21.1267605,-7.0999999,5138.0,-21.8745,39.542,7.0,14.77845173,4392.799,2.0,,424.0,25.3,118.2324045,6392.101324,40.0559999,,1088.200066,42.0,56.3900999,1156.7,-668.1148926,104.291,360.5691236,144.494,104.3,117.0755,-79.0,776.0,678.0,1637.534286,39.5799999,17.0,77.0,1161.0,5.5,,250.0,21.5344626,,,1.620467065,-5.59905,2204.33771,,,111.0,14.173,3.506299066,10665.74069,122.631,,-54.2999999,84.3559357,-41.03845751,411.0309909,2151.0,,,1.22,171.0,583.6,844.0,3.0,200.0,129.72,17236.65875,19222.0,11.3,1937.428366,473.945856,718.0,45.0,19.0
1993-01-01,-0.02,68.0,0.001,302.0,2793.085,0.8,-2.569832346,4054.917854,1125.106122,0.01,27.1,-275.0,14.0498999,9.40211385,17.6,10750.0,13.59999995,1.4055508,,123.5999999,,-287.3999999,1290.9,675.98,8.0,40.0,3.1783813,0.47368,3.64407,54.1199999,5.12073,4731.586,459.7599999,-9.98013,15.1609,1034.2,27514.95,6929.625915,-3.6,917.0,959.1,286.054322,,246.6999999,175.1535334,118.2651402,,83.4,653.4672484,,6.87,1712.77,189.3,473.725,1206.5,16.3999999,22.3017,161.1295933,54.74227673,973.907779,16628.2679386,-3.24,-113.7159999,11.19,0.01,368.2348244,125.0,977.0,142.488,2.72,3.2999999,69.537,-2.2,52.1,2442.954,0.443765976,532.0,,207.55,0.803,1077.89,471.85,3746.619,139.1999999,210.4354395,-33.5499999,1271.4,2.0,1.379066478,832.2999999,13.25209797,10.0,29.8999999,44.11601373,7.4,-53.6199999,58.1529,31.2403604,,15.3588383,8.0,5741.0,4.1672111,69.48408115,16.8,15.35584769,4388.801,7.7,,491.0,32.0,55.29815711,6359.115239,11.006,,2211.822687,40.0,-34.3513,1878.1,991.5239783,142.0029999,399.3022291,169.496,61.9508,69.6139,760.589,1238.0,1715.0,1440.670702,72.0499999,14.0,94.0,1210.782,5.8399999,-0.48,180.0,-0.7063069,,,18.83414744,-7.46292,4686.314434,,179.1378503,112.5999999,23.3709999,10.09872266,8571.494817,194.4859999,,-46.6,71.896425,3845.877075,-83.2419702,1807.0,,,2.18,372.6,656.2,636.0,54.5649999,200.0,401.3199999,16956.70237,50663.0,101.5,417.553846,926.3037149,903.0,314.3999999,38.0
1994-01-01,0.02,52.9699999,0.001,170.0999999,3634.932,8.0,-58.77094972,4762.566258,2075.823594,22.0,23.3999999,208.0999999,11.1478,12.94999995,10.5,8513.58,18.814,13.6490125,,130.1999999,,-14.1545452,2149.9,677.5099999,5.8899999,105.4,18.3715924,0.0039578,2.1284399,68.9,-9.0056899,8204.115,467.0699999,3.6022799,27.0747,2583.0,33766.5,7827.938821,3.48,1375.0,1446.497261,2.99,,297.6,117.5385668,110.3327683,,75.2,868.3103411,,-1.5,5006.18,206.8,576.3265,1133.4,,16.9955,214.3515626,71.51053192,1648.519344,15680.5559459,1.55,-99.6029,8.75,8.0,7134.509086,233.0,981.0,65.0999999,0.21,0.43,106.694,-2.7999999,41.5,1143.371,-1.529786516,974.0,,0.294,-0.03,856.979,475.199,2235.95,129.6999999,888.3844709,2.85,659.7,4.2999999,0.519100713,1136.6,0.033684778,38.18,59.2,212.6324252,22.5599999,17.3799999,-72.6243,31.339325,,5.7265569,24.99263219,4581.0,17.4710242,155.8288634,2.834766,20.04409701,10972.501,6.9,,551.0,35.0,97.97792044,7031.611503,21.5079999,,2616.630695,40.0,-11.2589,2287.4,2776.447451,76.4629999,789.3408189,401.572,56.9504,122.5459999,3289.187,1591.0,1875.209041,1250.510601,131.8499999,12.02,341.0,689.5739999,0.001,,690.0,66.8221647,,,30.74432441,-2.87419,8550.188551,,255.1740064,116.9298479,2.096,379.6327588,8883.492432,166.4139999,,-30.1999999,63.2747351,6349.663101,3366.991058,1369.0,24.0,,2.780521428,521.0,566.3999999,608.0,88.152,159.0,62.46,10235.26729,45095.0,154.5,813.0,1944.515936,15.8,40.0,41.0
1995-01-01,-0.0933266,70.0499999,0.001,472.0,5609.423,25.32,1.117318436,11678.76178,1825.090253,155.0,106.8,430.5899999,92.2999999,11.80375015,14.6999999,10688.7,20.76249995,8.0136552,,374.3,,70.41313605,4405.122,-576.71,582.7605633,90.4,9.8167277,1.9819199,26.1805999,150.6999999,7.2924199,9254.772,50.31,6.2005657,32.6115701,2956.1,37520.53,6213.362504,2.1899999,1559.0,968.3682736,121.8155737,,336.8999999,211.7608404,103.4753831,,375.7570399,2561.831451,,-22.35,4176.803746,414.3,452.4601999,595.2,38.0,63.3459414,193.3239157,57.17008099,1021.20023,23562.49673,2.08,-316.6896391,15.0,,12024.48487,106.5,1053.0,75.2999999,0.77,0.04,74.415,7.4,69.4,5103.486605,-9.259302198,2151.0,,8.7629999,,1442.925,1576.598,4816.515,147.4,41.46307235,13.31,964.2599999,33.0,0.387685967,2487.1,6.701334906,96.0746999,95.0999999,178.2942208,35.0,4.5999999,-88.4860999,72.5575,,9.7087378,5.64306096,5815.0,111.3898082,129.287173,6.8264999,18.69287888,9526.3,9.8,,332.0,45.0,152.9876567,11723.69591,-150.0,,2849.961939,75.4,14.4245794,1271.05336,2409.410338,46.2939999,492.095,223.061,454.569,94.5,2556.982,1459.0,3658.1745,674.9228273,93.56,66.9099999,419.0,2065.723,2.0,0.03,578.0,35.0597418,,,45.88080143,7.2870543,11942.80997,,2587.149232,153.5604039,2.0259999,1241.21541,7910.827709,65.0,122.5999999,-20.6,43.4950492,14448.29188,2222.466532,2070.0,9.49,,1.028451304,295.6999999,377.5,885.0,124.509,267.0,399.85,23589.64,58772.0,156.5999999,985.0,1780.4,-217.6999999,107.0,117.7
1996-01-01,0.69,90.09,270.0,180.63,6948.537,17.57,84.46927369,5629.724696,4323.513092,591.0,87.7999999,2048.2,231.61,15.83648405,104.5,14063.9,16.57999995,13.4883648,,429.3,,71.17501952,10791.687,1109.55,653.6,109.0,16.2251344,,28.5279999,293.6999999,101.316,9633.764,1231.71,10.9255755,39.4661735,4814.616,41725.52,10460.17371,5.94,1864.0,3111.67659,72.5791317,,427.0,269.1945296,485.18139,,428.8983104,1428.437754,,24.7899999,758.7946891,96.5,499.6532999,636.3999999,,247.6385587,147.2909262,16.53245913,1087.64318,21746.72761,3.5499999,-498.6159764,18.35,,6572.645653,120.0,1058.0,76.7999999,23.77,1.03,92.914,4.0999999,90.0,3299.576146,83.36842105,2525.0,,20.4899999,-1.994,2617.483,1616.775,3535.094,183.6999999,228.0835455,15.51,1136.88,10.5471417,0.538400059,2782.6,347.350948,46.7927,159.8,382.3640488,80.0,-132.13,-111.7219999,152.43,,10.1626016,15.76759186,7297.0,43.3973476,293.0094103,-0.43554,36.66126219,9185.451,15.9,,322.0,72.5,128.6938723,16186.76489,-59.832,,3918.61704,97.0,2.3458025,2190.68466,3211.102343,60.6,439.305,415.702,111.294,139.5,3471.149,1520.0,4498.720374,1312.517062,338.87,23.7399999,263.0,2579.321,2.22,0.32,64.0,5.4735393,,,28.80615214,0.663928266,11432.37071,,369.7432936,175.479362,5.944,817.5654459,9325.034251,133.0,177.1999999,19.1,21.72421413,5437.401953,3078.454058,2338.0,11.21,,0.284990625,356.3,351.1,722.0,121.507,521.0,300.5199999,28448.04184,84455.0,136.8,2183.0,2395.0,-60.1,127.1,80.9
1997-01-01,-1.46,47.5399999,260.0,411.6499999,9160.272,51.9399999,195.9217877,7762.472354000001,2668.974816,1051.0,210.0,868.6170213,575.2899999,18.20349905,351.6,11998.3,11.946,13.7063986,34.7,854.0,,100.0887486,18992.934,3636.65,701.74,646.6614424,9.765809,,11.5766066,168.0999999,78.3355999,11525.1838,3150.87,1.497424,44.2939405,5271.4,45257.04,11368.14793,2.31,2248.0,5562.216362,79.1715852,,406.8999999,415.4580764,579.5750298,,548.3628429,1301.371678,,-44.35,2801.137413,420.6,723.9357999,886.8999999,59.0,53.4515281,267.7468776,26.52942473,2093.281606,23382.63966,14.3699999,-318.4236271,20.57,242.586,12244.63398,81.7999999,984.0,84.5,17.3009999,11.4791088,52.0,4.0,127.652,4167.317669,149.5395907,3619.0,,43.012,1.153,2028.797815,1990.376,4961.472,203.3,3224.61836,360.9309999,1321.907487,53.0,0.512104974,3301.1,19.77919822,83.0408,86.2999999,522.3345158,1799.6,213.8199999,-67.9,354.4925,,13.7608366,14.90063427,6323.0,69.7313031,82.00722343,-3.3299199,55.27774216,12829.556,25.0,,1204.709508,64.4,83.76808826,11181.06879,-16.24357542,,1917.456791,172.0999999,16.6190083,1642.472174,3981.536461,65.0266088,711.0,1299.203,28.5752999,225.6999999,2139.26,1249.0,4910.209222,2340.007915,418.3299999,78.7399999,1215.0,4864.643,2.5899999,0.14,57.0,176.8125427,,740.0,53.39364227,1.800033011,15701.73962,,230.6031021,334.428438,33.872,3816.656395,8918.367254,433.0,163.0,-9.1999999,-15.32131353,10967.54505,6635.798003,3882.0,58.058346,,-0.010526149,999.6,365.3,805.0,141.500765,623.0,232.43,33128.36833,103398.0,126.4,6202.0,2220.0,-138.5,217.0,135.0999999
1998-01-01,-0.01,45.01079681,606.6,1114.0,7290.657,232.375,83.57541894,5528.856725,4571.855707,1022.97,847.0085874,-275.0,576.46,29.1604822,190.8449687,22690.5,18.98599995,32.7145259,102.7,1026.05,66.73637671,95.31813492,28855.61,8777.51871,573.25,678.392895,4.4071382,,8.760716195,242.823,215.1049999,22803.446,4354.11,7.300593947,21.69668041,4627.817978,45462.75,13939.36733,-17.89,222.0,2828.826262,32.7772428,,611.7,760.0991267,943.6517714,,345.3450658,3716.358128,,61.3299999,7730.385639,699.7999999,869.9728999,1075.5,1102.7,274.7681167,578.370361,144.8545918,12236.38857,31239.7619318,10.73,99.16908494,23.6999999,265.3319999,24593.23623,167.4,71.2,672.7999999,17.849,4.4071382,44.0,10.76,99.0212,3334.861149,152.6389443,2633.0,,37.596,7.3879999,8862.216911,1966.699,4280.245,369.1,3192.576296,310.014,1160.891013,11.41357735,0.43974545,5989.2,59.06364436,109.2284849,45.2999999,355.8295314,1134.903121,190.31,-127.894,925.5,,16.1419999,12.1,2713.995728,8.86852,277.2486228,-0.2985608,12.17036849,12756.765,18.8999999,,400.2428049,234.9,77.29348007,37277.25342,5.024022346,,1825.772782,194.6999999,-1.1865372,1210.105259,3934.871639,101.4415098,506.0,1203.1,109.626,333.1999999,1643.949,1752.0,6398.400184,3026.885982,347.3,75.51,2031.0,2761.36,7.0999999,4.2,94.0,60.3438923,,113.0,53.20978528,0.104884819,5958.652008,,926.7614286,217.8277983,8.8046299,561.4766256,14266.89455,150.0,218.1999999,9.0999999,152.7238128,19918.94207,8940.757754,7492.0,150.4820856,,0.045708551,731.8999999,668.1,940.0,132.63327,743.0,257.66,65062.00482,174434.0,164.0999999,4985.0,1671.0,-219.4,238.0,444.3
1999-01-01,6.04,41.19987532,291.6,2471.401,23987.696,122.034,467.5418994,1847.15636,2974.499988,510.3199999,781.8999999,453.723404,309.12,37.5395051,444.0,119692.913,53.579,39.26431584,60.5,1010.488,176.7801503,36.67437936,28578.43,7915.398866000001,747.8686686,922.6519159,7.92595083,-0.572606789,61.12945837,232.239,-15.4947,24744.06521,6475.83,5.976946527,24.52497081,8761.016218,40318.71,25355.33355,9.4199999,2926.0,1507.90713,520.6375193,,619.4692119,235.3487662,1425.48395,,803.6206074,6329.666293,,11.16,16756.87763,1337.8,648.4152999,1065.3,215.8,154.2961739,302.7826814,79.30423475,4610.271173,46546.042975,4.4299999,-217.6875389,49.4799999,82.2069999,56075.69354,243.6999999,561.8999999,154.5999999,63.45,0.730876613,46.0,30.0,237.3372,3311.936107,68.54191522,2168.0,,15.621,,18210.64171,4187.194,6911.159598,523.7,12741.33635,156.4,1437.694772,13.8218624,0.451627472,10726.3,72.26976332,44.4129999,51.6082665,346.4549436,871.6765421,256.2599999,-128.0689999,486.4575,,58.381,58.49986731,3895.263158,2.178012308,856.6267538,15.11946,49.35320697,13935.805,30.3999999,,1380.41822,381.6999999,19.60625127,41203.16164,-14.74413408,,941.4641116,300.0,0.276108943,1177.707927,6789.95329,39.0117035,532.0,864.3999999,296.4929999,86.7,1940.009,1247.0,7270.784022,1156.734251,113.25,37.89,1027.032037,3285.93,1.74,3.04,123.0,153.24696,,112.0,55.21676793,0.53320031,18852.95228,,626.7974391,105.6862843,9.9004999,1503.237591,18743.38475,201.0,188.5999999,-61.5,100.3849755,61135.04139,11718.59189,6106.384723,88.4061564,,0.958145992,643.2999999,367.8999999,783.0,140.2470512,496.0,-985.34,90033.76711,283376.0,235.264,2890.0,1412.0,-307.6,85.9609999,59.0
2000-01-01,0.17,144.2703151,280.1,878.601,10418.314,104.1889999,-127.9329609,14190.96375,8501.013451,129.93,609.192,363.5638295,578.6399999,73.6969439,118.8,88738.714,23.341,59.73656415,66.9,736.404606,146.0755773,61.24330139,32779.24,8073.327,549.6072507,1016.486088,23.10752048,11.68324608,43.44576577,148.5039999,158.8009999,66795.05222,9358.723,0.8890749,115.1724215,4860.0,40714.81,54581.91774,-0.79,4928.0,2436.46,165.9044687,,666.9437816,234.7017315,989.6522576,,837.5861433,4985.209231,,94.1903999,33823.48939,952.9299999,-23.4393679,1235.4,173.4,154.4995899,391.2474664,2.959663961,8834.047356,27496.8682985,9.874719,-42.62643685,43.52,131.2318783,198279.3394,114.9,1108.162889,229.5999999,9.9399999,0.702270863,67.0999999,13.25,381.6591485,2764.061819,171.2249049,3587.989747,,193.5749999,-0.032,25779.43615,6957.443,13374.7927,468.8,8322.739294,913.25811,1282.524399,110.9046111,0.721810265,11509.4,16.29981223,-2.361,33.89,328.3397826,993.475,20.8,141.0,378.8725,,82.9526,39.6317699,3787.631579,82.43957661,581.5570296,40.096,276.7661222,18246.819,53.6989999,,421.9620539,139.3,186.4055748,63854.98434,-0.605027933,-40.62609177,1346.568839,266.5,8.437082149,1309.665175,6408.77362,83.2,309.0,623.8999999,98.23302758,97.8999999,809.69676,2240.0,9445.314963,6559.806523,251.5999999,127.54,1056.753271,2651.06,8.0999999,3.7999999,183.0,62.93751475,,51.78091026,24.3269826,39.00091773,14751.79238,,2720.378662,137.3576561,13.0283,887.3416208,39575.10319,175.13,62.005,-97.2,105.7950987,23432.80682,19854.57474,3410.119,215.0566,,9.212396872,679.5,779.4671258,982.0,180.8121074,595.0,-506.3299999,115304.0181,314007.0,273.4909999,4701.0,1289.0,6.39951,121.7,23.1999999
2001-01-01,0.68,206.427683,1113.105541,2145.501,2166.137,69.869,-266.9273743,7825.430321,5689.434546,226.5099999,587.0059999,80.31914867,354.47,91.5049109,95.7999999,88203.254,61.16299995,43.8585123,41.7999999,705.765957,118.8670699,30.68191933,22457.353,3791.26,526.4256512,808.4258753,6.267060825,-0.002288183,12.68305292,149.3969999,73.2851,27663.42106,2133.108,5.1838988,459.8663918,4199.8,46877.59,29060.6828,160.0049791,4109.0,2541.943,77.25373411,,608.6484868,272.6798983,1035.852923,,928.6437122,5641.740699,,102.2218999,11522.53683,1079.1,538.5685751,509.8999999,279.0,940.7412157,539.2891338,41.15714386,3731.529481,15947.9787181,23.68875451,-89.09075779,35.4799999,109.8398354,26401.9964,89.2999999,1589.337008,498.5,1.6799999,0.39561333,56.0,4.94,304.2429233,3936.045586,173.5906537,5477.637624,,408.11876,-6.6559999,9650.92035,1771.719,14870.56044,613.8999999,6241.595833,273.6248237,2834.9986,5.302622602,-0.273476291,6522.3,-111.5161633,5.007,23.8999999,105.1802668,1453.907,8.3,-133.0,445.8125,,93.0592,39.370078,553.9473684,121.7315859,235.2321149,76.7,-25.64428256,30056.232,63.0009999,,2807.060073,255.4354914,365.1721767,51927.49953,62.45251397,103.0412079,-250.1313715,150.1999999,22.89509835,1277.420643,2505.658027,5.2,383.0,467.1,63.77039115,69.7,1144.26,195.0,5579.255161,6195.650151,295.5199999,103.44,1157.931473,2808.331,18.5,3.0,504.0,31.94236596,,177.4409178,64.7402749,9.835762656,17301.64311,,2274.839599,358.5319147,-9.313303953,6783.921349,28408.1288,81.8877982,19.1759999,-26.8,28.17922263,10914.35507,9389.136116,5073.202,447.132,,7.628663006,834.8999999,486.5469761,3352.0,151.496,792.0,1183.84,35948.78033,159461.0,296.7938588,3683.0,1300.0,155.1409999,145.0,3.7999999
2002-01-01,50.0,133.0563267,1064.96,1743.504,2148.908,110.7249999,332.122905,14246.20768,138.3464308,1392.44,353.7069999,217.0212763,335.47,228.3432538,247.0999999,16250.52939,25.46099995,13.50812353,5.4,676.570098,265.1736865,403.4139037,16590.204,5451.882,1035.528459,922.2888334,15.02608366,,38.52445077,145.1059999,601.7459999,22155.45587,2802.975,5.6442865,924.1192101,2550.0,52742.86,3662.173737,377.6718039,1445.0,2133.698,136.7785385,,824.6261684,212.5804175,984.9748247,,1038.595235,8482.047131,,187.5986936,6637.3559,916.7999999,783.2609999,646.8999999,470.1999999,323.3915075,288.7280599,30.45406736,8046.021364,21514.5568568,10.9309999,36.96333366,42.8269999,160.2119604,53522.33118,58.8999999,39.55578561,205.3,30.0,3.545254725,43.6,5.7,275.167835,2993.565399,87.13563026,5629.671078,,3519.38036,-0.326,29323.79653,1582.835,17054.88118,478.8,9239.348263,238.2228491,2590.21757,27.6252336,0.249788108,5475.1,3.619444975,4.665,4.5,209.8724766,1335.964,2.7999999,145.0,724.9711718,4243.174365,61.10993201,38.7190554,3203.421053,243.8047714,-418.6769121,67.34035232,32.10733596,24097.967,77.751,,480.6907065,347.2528305,181.3634768,25038.25702,74.89385475,59.05551726,1751.927444,203.9,2.404632504,2040.182095,1192.417627,122.0,823.0,98.5999999,18.27881352,5.8999999,2155.837,1542.0,4030.107255,1630.034351,623.9199999,84.0499999,1140.652205,3425.021,1.5,3.6,453.0,78.05299374,,562.52581207,47.7177771,10.41342906,5338.352163,,5864.878829,1569.674839,-4.001994882,1569.155749,39222.56929,192.0,9.4399999,-73.5999999,96.43572059,12273.03497,6864.257255,3355.416,,,4.692076768,790.7,820.8309595,1082.0,184.648,693.0,95.2999999,19683.07447,74457.0,193.748912,782.0,1400.0,114.302,298.36,25.8999999
2003-01-01,57.7999999,177.1038131,637.853027,3576.97178,1652.011,122.8529999,159.7765363,6338.891375,6195.021861,3285.0,713.259,516.700266,350.25,184.7012886,171.8,33476.142,-10.925,44.73158981,12.9,197.401006,381.053072,417.9857089,10143.525,9660.121,3298.074255,2088.529334,29.12250516,,12.41325197,83.9809999,336.2679999,7482.245459,2602.57,11.3,712.6634549,4333.669356,53504.7,17830.80232,412.2803955,453.0,1720.493,323.1297316,,692.1110081,165.3905712,1812.649685,,891.441882,2102.736715,,391.2547235,2610.938314,613.0,871.513,237.4,141.6999999,689.779766,927.999377,39.82550626,3318.958415,7855.00895,58.213,206.0788025,10.70428003,334.6490907,32376.76545,110.02,1275.23323,263.3,82.7999999,3.489332416,26.1,13.7999999,402.7795158,2137.401419,332.0992322,4321.076437,-596.9199999,2877.4815,1000.0,22781.29282,3322.393,19424.38326,720.7,6323.977642,546.9675599,2092.0288,81.7351983,0.670758929,7010.0,-67.11139149,45.5439999,19.3999999,279.8989655,2860.020313,372.22,143.0,180.4094914,4291.105683,95.45113177,13.2620926,2473.157895,132.2608396,959.7847141,101.9579516,62.07551565,18269.315,131.5399999,,2314.468404,336.6984008,148.7488681,32899.86615,10.96648039,116.0481425,-2788.455955,201.3,11.47109429,2171.390315,2450.347588,25.0,534.0,817.5,101.0256914,24.8999999,1335.007073,491.0,3982.305977,7983.640583,624.9199999,73.75,2196.303979,7754.758,4.7,3.3999999,778.461364,52.49483827,,1516.4180876,58.4255047,8.615054047,16353.24708,,2975.667977,271.1803385,-1.800687709,733.6660167,25819.30265,198.6999999,17.972,-76.0999999,-63.88842989,5280.288884,17305.4617,5222.348,113.3263509,4.519,6.244495291,808.2999999,583.6424879,1702.0,202.193,1424.0,4255.956433,16590.14616,53146.0,416.4075212,2040.0,1450.0,-89.1069999,346.62,3.7999999
2004-01-01,186.9,345.6718382,884.749028,2197.22782,4124.705,247.1409999,-105.6523806,39611.69333,3183.64965,3556.1,803.7459999,865.3082447,460.3999999,228.3345,163.7999999,43557.8899,111.496,63.84432645,831.6,85.4599749,511.1861652,391.0666988,18145.883,28309.656,205.6084718,3397.118077,14.34831578,0.044690708,35.52927557,131.416,86.1221,-445.0354337,3703.461,15.1,466.7934921,7241.04262,60630.0,29153.8264,484.6568946,1898.0,3115.636,-8.487842736,,975.9076527,282.979831,1291.406434,,8594.77819,4974.497856,,409.0328144,-10715.96679,909.0399999,836.94,2157.4,363.1999999,340.9144685,957.1175801,250.0216382,2826.519653,-2573.579681,6.420020709,193.7287638,55.52628862,492.32944,-10192.1787,139.27,2101.655771,296.0,97.9,9.180650596,30.0,5.9,546.6639999,4265.732493,725.9262847,5777.8072,1895.89,3037.29984,300.0,-10607.6127,2947.35,20125.86094,601.6029999,7815.417818,936.8124118,4157.208487,46.063947,1.95366788,13294.4,23.75296912,175.458,17.0,607.1781118,2483.692693,75.3575,357.0,844.4245777,5179.643439,95.19172116,58.9487571,4624.210526,101.0022999,12608.15841,404.1020257,11.16424532,25032.077,92.92,,894.5627096,475.5135728,225.8472156,12452.36632,21.77709492,27.48018589,1439.669115,250.0,20.32236388,2127.086142,954.0368174,111.0,1118.0,1019.1,25.75608061,27.6789999,1599.038389,688.0,12140.25032,1787.703712,1198.97,146.1999999,6435.591316,15283.751,7.7,3.5,1942.0,77.02849788,,1077.1364535777,37.4466703,61.15322252,22324.8907,,4028.991824,675.45647,5.681311575,798.0259115,24760.68367,223.0,48.8999998,-37.2999999,69.58538258,12093.2549,1845.838359,5858.576,323.6693921,,37.48300838,998.1,639.116157,2785.0,295.416,1715.0,10003.5,61219.74441,135826.0,332.3694883,1483.0,1610.0,143.578,364.0,8.6999999
2005-01-01,271.0,264.3386559,1145.617701,-1303.83693,5265.263,292.0729999,-207.0427813,-28294.65356,10784.46003,1679.92,1054.313,1048.670213,845.2599999,390.0613959,306.5999999,34370.49197,126.9085,53.04397613,43.7,-238.62,351.1858243,278.5914859,15066.292,-7142.639,289.4836442,3919.965925,34.1518348,0.584700161,53.43892067,381.18,234.007,25691.55608,9506.484,10.1,-99.34251936,7096.890411,72406.0,34057.83219,1243.281164,1625.0,10235.0,585.1634602,,1364.133914,311.920344,1810.334278,,11090.50679,11653.24701,,266.6,7533.546443,1122.7,493.4139999,5375.6,511.1,769.1461852,2799.174252,173.8647049,4750.161667,33233.72581,7.818915549,242.3350144,53.6503426,452.752292,47449.79605,144.97,623.2900561,508.3,105.0,7.996693638,76.7999999,26.0,599.758,7708.959225,3071.050797,7621.768707,8336.257,2889.19167,515.2999999,-31689.3001,4818.272,23291.29981,682.484,2775.758043,1984.48519,1971.218,21.2129384,2.606016174,13643.2,233.9041092,42.5649999,27.6999999,706.3622345,3321.491495,82.8081999,1038.0,1134.594339,4644.769483,86.01968018,99.140819,4065.390577,223.8031501,25083.20897,811.8691814,41.56467613,26055.706,187.62,,1653.985726,107.8533189,385.2410553,39047.15714,41.8603352,-6.738744685,1204.700515,241.0999999,30.29378085,4978.26,-2273.651533,1538.0,2201.0,917.6,33.52729735,35.5,2578.719365,1850.936,8203.217716,2234.481172,2500.0,190.6999999,6152.300812,14375.052,7.96,15.6999999,12097.333,44.58848688,,2211.4709249537,85.8796027,83.18225077,17747.77698,,3109.637865,561.6475153,18.58087283,6646.926642,25020.18355,272.0,46.542,28.0,-45.85388712,11515.98602,-266.9493566,7975.102,96.02173792,0.908,12.96936754,939.7,783.0865634,10031.0,379.8079999,7808.0,10899.93193,182927.9379,104773.0,847.4002046,2589.0,1954.0,-302.057,356.94,102.8
2006-01-01,238.0,324.4219028,1888.45621,-37.7148599,5537.348,466.5319999,221.3477602,26313.84745,4754.757314,-583.985,1492.102,2914.893617,792.48,342.2674982,357.1,58892.96875,108.8285,53.20048194,261.0,280.8633459,554.6900312,486.3900373,18822.208,12029.088,434.0295376,7804.89399,33.59406376,0.031593887,102.8544422,483.209,16.384,60293.91022,24820.937,34.67,-278.4139999,7426.274991,72715.0,41810.64725,1735.689745,7424.0,6751.0,553.5829716,,1702.496736,318.8643883,3132.77216,,16726.16082,5462.625467,,256.118896,9530.535853,1084.6,271.4289999,10042.8,241.0999999,469.5060146,1334.410098,581.7996973,7651.707791,25325.77036,30.64950101,267.805,82.20817582,1171.1795,55654.56049,636.0099999,5354.887028,591.6,125.0,17.32678001,102.4,160.5999999,669.1069999,6817.544536,3843.07495,20327.76392,4914.221,2317.5385,383.0,-5542.306819,14395.879,42580.92358,882.2,-6505.843558,3544.005642,6278.168,50.6748047,0.568434302,9161.9,121.3056903,182.023,187.4,1663.444736,3131.673755,107.851,2064.0,2023.355968,32219.53464,294.5127636,121.6227215,6060.226052,83.39230048,17691.38647,154.6016381,105.3043229,21248.095,245.4599999,,2449.446199,112.6006603,386.575747,13977.70282,-21.95530721,749.0879505,3706.202093,286.7999999,50.54409149,4897.81,8061.802527,1597.0,4273.0,2547.3,-6.870086661,94.988,3466.531061,2928.791,14577.49558,10767.79892,3500.0,258.47,10858.11789,37441.574,30.6439664,38.0,18293.17333,220.3197613,,5247.5131168814,145.5859532,58.76802469,37480.37988,,5803.086279,706.2765557,44.29486455,311.4501111,30802.38001,480.0,18.588,-163.4,121.0358042,27445.93908,44598.43361,8181.647,432.5771725,8.4779999,17.17772025,882.7,3307.989362,20185.0,644.2619999,5604.0,12805.99047,147372.4303,237136.0,1493.492445,-508.0,2400.0,1120.98,615.7899999,40.0
2007-01-01,188.69,658.506675,1743.630929,-893.342152,6473.158,667.672,-469.7375912,41479.5786,25484.26717,-4748.88,1622.82,912.2340426,666.36,476.404577,1807.3,93430.67292,143.1405,255.2439454,610.6,366.2942415,1819.244227,494.5869316,34584.901,37163.179,260.167097,12388.85878,343.5350233,0.500244946,210.9789586,867.2889999,191.017,116820.594,28210.535,56.75,-321.6549999,12571.55989,83521.0,58403.47014,2304.547745,7769.0,8886.0,1467.628691,,2088.469427,426.7767236,4669.380269,,23237.58928,10443.81754,,1808.032721,6638.497529,1667.4,194.1589999,11578.1,1550.6,1242.731087,2311.211571,459.6716099,12451.03594,63499.56613,58.24932598,710.7189823,76.46148094,1752.646,80212.48142,855.3999999,2111.305462,745.2,385.8999999,18.58045724,152.4,74.5,927.541,3950.835121,6824.791195,25349.89177,6928.471,2017.79175,971.7999999,24707.17373,8798.282,43849.3481,866.5,22548.85099,2622.143864,11119.037,897.3969902,1.153047102,8826.9,111.5356735,207.9199999,323.5,2323.996288,3375.980758,131.5999999,3850.0,2289.437451,-29679.42581,740.5260742,34.5571841,8594.734071,72.7944966,39620.09614,139.3728223,339.0528746,32481.856,372.7599999,,2804.501284,398.655636,732.9598488,114161.1852,177.32960892,417.4534647,3589.38178,381.6999999,129.0387195,6086.73,2168.153444,3332.0,5590.0,1898.6,95.772843,201.75,5490.961307,2823.719,19836.21948,2803.5443,4700.0,541.2599999,9732.809856,54921.85,82.2831658,36.0,24334.78319,297.4271127,,5943.572603333,181.628,96.57770527,42608.91779,,4017.245202,757.2915726,86.02600626,6538.06193,64264.41411,603.3999999,28.2959999,-246.6999999,37.49985805,28592.62854,33538.24238,9194.785,692.5098337,8.695,23.99882284,830.0,1616.251483,22047.0,792.306,9891.0,14186.52144,176838.6384,215952.0,1329.464293,3288.0,6981.0,917.2989999,1323.9,68.9
2008-01-01,46.0339999,974.3333211,2632.047803,1678.97101,9725.553,943.7329999,19.55307263,46905.66861,7226.097231,14.09,1512.311,2638.297872,1086.31,615.1228846,2187.9,-13857.25272,169.6685,169.8350845,78.17,512.5730171,1001.647693,520.9177751,45058.156,52554.448,322.5865634,9855.106749,105.7714854,3.833211042,309.5749831,876.8844922,-24.1980188,61552.51912,19555.735,117.11,466.1309999,15518.19228,108312.0,58315.38636,2590.86222,5432.0,10564.0,2031.879948,,2319.941177,446.1473186,5400.062987,,12246.51994,6451.002923,,1726.843379,-742.2692242,2870.0,1057.155,9494.6,903.1,-793.8723328,1829.684696,682.056334,-1143.999707,37593.42586,13.88403386,760.1630301,70.10237739,1569.7233,8127.028234,1220.42,4498.626726,737.61109,381.88,5.142863523,178.0,29.8,1006.37,6410.020231,919.6922269,47102.41725,9318.454,1979.98801,1855.7,-16452.92416,10274.699,-10835.31695,1436.6,24425.12215,2826.255131,14321.757,642.7404382,-1.267677448,11187.5,-5.951760977,376.992,227.6999999,1264.144725,4002.061782,283.8009999,3180.0,1793.957593,7117.112828,1392.70123,123.9260419,7172.128076,180.2815958,12688.79599,342.770662,382.9148625,29530.317,844.6979999,960.4233347,2487.094098,591.5992294,720.2665333,-6776.430952,232.41340777,1746.368557,3122.869413,627.2999999,340.4271949,8248.64,8958.687943,2952.0,5438.0,2146.7,-30.36935806,262.8399999,6923.651285,1544.028,12283.03901,3549.656865,3778.626374,711.46,13491.53628,75855.697,102.2899999,79.0999999,39455.86393,397.6328982,4513.6294727142,,182.105,57.62382149,11810.14376,,4868.023584,1218.409932,74.95237431,9209.172495,76992.51327,752.2,51.508,-231.4,105.7228835,36946.94361,16214.86619,8054.351,585.7692165,39.698,46.33347748,2800.8,2758.615092,19851.0,728.8609999,10913.0,5062.972005,92158.33343,306366.0,2105.688028,2627.0,9578.997494,1554.62,938.62,51.6
2009-01-01,197.513,995.929668,2754.118888,2205.29818,4017.159,760.041,-10.7014114,31892.30925,9268.299689,473.305,645.7025135,257.1808511,700.1599999,255.2919111,1876.5,64440.44048,108.84,134.2860652,-70.384,423.0290749,249.9485044,208.6993468,25948.58,42212.878,370.0818798,3385.353473,100.8966805,0.348404299,164.8307729,984.7130669,668.3289999,22699.67632,20298.045,42.28,374.8999999,14166.41847,94065.0,55535.20173,852.0492768,2805.0,8035.0,1272.939054,,1443.569702,377.128928,2948.109302,,65949.55845,2926.814824,,663.8028875,1045.291529,2165.4,308.6059999,6711.6,365.8,1636.219625,1839.441378,311.4981259,717.6106457,30733.48911,21.84374157,663.9985238,39.44209665,664.191,23805.5965,2897.1,2436.364596,522.32412,,17.45286815,164.0,55.4699999,509.0,2172.128787,78.77028098,35633.93949,4877.87,2983.42191,1598.3,25715.32959,4607.028,20076.60004,540.8999999,11938.34141,2413.098592,13242.5,1855.194702,5.0,9021.9,1113.589659,189.377,189.5,-22.22706896,4378.90762,217.8034591,3310.0,-448.0977102,27255.15425,1269.409215,194.5330017,1452.972053,748.3470497,2906.948043,-3.072044396,247.8426023,17853.569,623.609,1527.259416,1951.70719,898.2848824,841.1825101,38751.92229,94.91061447,1182.295685,700.8645245,433.8999999,790.7625385,8649.526667,19479.09858,1485.0,2338.0,1259.3,423.2089839,71.325,6430.652961,1990.338,10039.32449,1611.420824,8124.736264,270.0099999,4665.448621,27752.258,118.67,15.5,36457.66667,320.0327837,3295.3234087471,,171.401,110.8455097,18531.87671,,-6.07910336,-475.8343139,48.57331558,7502.062271,10406.59838,404.0,300.468,-93.4,65.6976257,10146.69799,29934.89716,5361.812,201.3953413,49.9309999,20.05416586,709.1,1687.810586,8585.0,841.5708027,4816.0,1134.288135,89709.13776,143604.0,1528.59124,-983.0,7600.0,129.1939999,694.7999999,105.0
2010-01-01,54.200551,1050.7082358005,2301.225922,-3227.2111824,11332.7186264,529.3213916,236.8715083799,36795.5162544948,2575.4634068168,563.0,1097.18766,155.8510638298,913.32,446.3386889,1393.4,57583.322848307,97.2205,176.8040914478,230.73,642.9479894,406.0890880588,218.3799982925,77686.8479999,42386.8249086,480.722546956,1549.1288725838,34.6190111796,0.7805809466,240.3228601037,1404.3154488,-0.551,28400.4426496855,20965.9626386,61.52,313.0,15033.1941755,114734.24,70540.7398731138,2831.3393033433,2492.0,6430.0,928.4360065176,,1683.5452445,338.9416427575,1171.938030594,0.0,33429.6454547742,6140.5831932685,,2939.27,-8977.4003925975,2023.7,165.8663204,6385.6,-230.3,2734.0,1508.5421464946,176.3531441738,7358.8329172433,13890.0939679092,64.3037325903,521.6656309,37.1150221,865.6377,65642.9881662682,2527.36,329.914110947,658.31247,,33.2238323201,198.0,178.0,969.2,2352.8235534567,245.1366960619,27417.0766394464,13770.58,3648.9724099,1396.2,42804.0712805197,6984.909,9178.2608983571,227.6743999,-1251.810494202,1688.5915492958,11550.716,1882.0681636,-6.602,9497.4,1304.6256406857,437.586,278.8,419.8425259422,3708.3796794,449.9588262,1909.0,1019.5418816097,39128.5287631863,764.6857580325,97.01,9060.0420975508,405.9021517252,5409.4663231993,130.5283913387,429.9417886982,27189.280387,1691.422,760.440768431,1573.8562650585,2531.6617545,283.7998943619,-7184.472448662,75.9890254749,1439.0849984909,-61.6213800682,489.9,940.316227081,6098.96,14018.1364852412,1243.1729519,2022.0,2723.3,28.8678294702,627.5079721,8454.6275879,1070.3869399,12796.2701309322,1988.4858052169,4670.3296702,292.96,2997.1723539657,31667.969,250.5048029,50.6,29232.7066667,266.1076528892,2174.1726706355,,210.805,238.4372902574,57460.0846345095,,1769.7607427372,105.3698784841,165.9208878418,3635.5962530835,39872.5095855214,477.6,206.2829998,-247.7,119.6385301767,97.1207849579,29875.9403975415,14657.4846412,212.5275195518,28.5159999,24.711567217,549.3999999,1512.5052396255,,543.8727273,6495.0,8796.7696405,58200.2815295305,198049.0,2289.1056012,1574.0,8000.0,188.6279999,1729.3,166.0
2011-01-01,57.620844,876.2683235676,2580.626408,-3023.7709658,10839.9309447,653.2197565,489.4972067039,58931.5940886862,10615.6495374328,1465.0,1408.7994448,97.5265957447,1136.38,455.83115525,4002.3999999,83366.349020998,95.3485252,161.0913479674,-257.87,858.9410703,496.5250828038,293.2077746174,97421.7859999,50788.1611367,691.1702744234,2052.2821870982,143.6573094904,3.3550080486,266.7484518508,1538.8834249,355.3999999,39669.2978795005,31131.8551079,36.9084558,281.8999999,22633.6122016,123985.0,96580.8067831449,725.5983567405,-1957.0,14647.0,186.3050103207,,2461.4832004,301.5767188142,1594.2824872109,50.852632067,36622.5805848295,2317.5537836391,,1686.9,11939.2304669092,2276.6999999,646.0773587,-483.0,218.5,1975.0,1004.5994689687,216.7645368868,2549.8509081052,31641.9055958463,130.5572727273,874.8731635,36.0999999,1133.971,67513.6643242905,3237.39,1143.1355268261,1219.22906,956.06,25.0240534389,246.8,119.0,1014.4,6536.9409415334,1107.4909015644,36190.4560268264,19241.25,4276.7186899,1882.3,23544.7032410979,8653.401,34323.8039632727,218.1999999,-1758.3344819364,1485.9154929577,13973.069,2233.9385395,-0.349,9773.0,3259.0668956696,693.528,300.75,1467.9817336364,3137.0502878,785.2999999,,1798.9726908133,8843.156716781,788.078237339,812.686,12197.5764705882,556.1472960544,21875.9288529307,588.7495642399,433.3310109385,25632.373003,4571.1629999,558.0526998492,2568.4343505891,3558.5436109,817.0654447173,24155.8062429538,,1715.0252272727,4238.0009637307,936.3,1065.7898640716,8914.89,11390.2662272665,1752.9258778,1162.0,3152.6999999,-309.1983449812,674.2378511,7682.2611085,2007.1507254,15925.139645949,5957.1504750784,938.5164835,359.67,2362.9223401519,36867.773,119.1053858,32.2,16308.28,338.2189011287,5466.6011368518,,207.363,950.4782532719,39890.3623845188,-45.6821473184,3491.2859436579,1087.4158099965,120.1695793495,4242.8657798442,28379.2063722362,955.912,349.31,69.7913232,108.3897047292,12929.4652839591,26414.9026735222,2474.0011223,478.7697715314,47.075,43.7837994158,41.0474545,1147.9066331387,,894.293858,7207.0,7152.0958256,42200.4002300762,229862.0,2504.1129032,5740.0,7519.0,-518.4203,1108.5,387.0
2012-01-01,40.863937,855.4402319689,1499.4468454,-1464.6279908,15323.9339168,496.6367011,-316.4245809497,59574.3843711075,3988.8776464935,2004.5999999,1033.5072458,1544.6808510638,1292.5599999,526.876534,1429.3,11670.3970479022,189.2014088,281.5648339853,47.61,1059.9653906,394.8732435078,146.4954947671,82059.83,61121.5104496,864.9055275015,1697.1919121823,329.3008988751,0.6049196,137.7493298952,2003.8489999,739.177,43111.0061369832,21489.6047409,70.0351573,579.7930373908,26708.1071065,121073.14,70179.7994435577,3893.8104046879,3207.0,15040.0,-282.8351879528,,2258.0900324,330.2752449919,1312.1334207044,54.6899083799,63501.8967919578,7984.1085940493,,3312.1427429,776.2587009191,3142.3999999,567.4103009,6031.0,466.84142,985.256411512,1564.9402282428,277.7265642023,4153.9572449486,16062.0536712348,155.3542045455,-220.8736658,41.2,1048.227,28181.1243566056,3293.43,1739.70247747,1270.14513,0.29,6.6249189563,293.66,156.0,1058.5,14606.3845244865,1025.1268437757,24195.7669189235,19137.8699999,4661.7344,3400.4,48883.840810799,9017.54,92.510028344,413.3334481,1731.531949291,1548.3098591549,13336.999,2175.0518119,-2.386,9495.9,2872.5844292981,292.0,617.7553945,1111.4052016333,3111.3149996,984.6,1425.0,802.087642973,2824.1255875029,777.6365964,-8.886,9238.8306138306,397.8664595604,14183.9280528952,1388.5874182422,589.018302822,21769.318246,4272.473,619.7529468299,2728.3610942418,5629.4097029,1060.8069723154,25013.0413442735,,2831.4501136364,3504.0015230742,775.7,841.2757797335,7127.38,14655.0923936399,1365.4096229,859.0,3210.5,25.0041993617,769.2626575,13622.4851043,3215.4151554,12423.5231257408,8152.5648871763,395.8791208,241.44,3198.5470784819,30187.664,254.9632443,22.471527,12182.3733333,276.1754030639,1592.9586857923,,261.36,722.4468467141,60102.9863645093,19.6051693296,2981.6881538339,339.330638422,23.8976506281,4558.84735267,25696.4527543576,941.1165912,58.405,173.7233341,31.5381383367,16257.073779856,29482.9740083013,12897.1682825,142.9041865927,38.5309999,31.1135148967,-1904.3476493,1603.185883769,,1205.3884878,8401.0,9566.651351,55446.1201143043,199034.0,2216.0156471,5973.0,8368.0,-531.0,1731.5,400.0
2013-01-01,48.311346,1265.9007900923,1696.8667503,-7120.0174244,9821.6618582,346.0923944,227.3184356983,56765.5236329935,5721.2104588618,2632.0,1590.4427303,3728.7234042553,1599.1599999,117.80215095,2229.6,23898.0011952985,95.15672405,360.3433831352,54.9,1749.557976,276.3619700621,67.1366329759,59089.345,104804.7643981,775.6419990889,1837.7429460124,490.4034143618,7.407171159,72.0880824003,2068.471,567.239,69368.2412099326,34907.9943237,1.8527926,520.2007513399,26302.62895,123911.2,74294.2238267148,4586.2820836974,3598.0,16210.419016,609.4404817877,,2741.0917771,407.5905342871,909.8328175842,-15.0199316201,22260.8118828607,3639.1294299913,,2098.249103,907.6199497535,1990.5,727.0642063,4256.0,179.20832,582.9487018906,771.0632777741,243.0772405628,-106.0003984328,34279.832658211,99.2071611737,771.1925535428,25.5,1039.17416,12776.787303141,3226.33,2818.2482236536,1479.31272,-131.9,19.6452874372,214.02,161.9199999,1059.7,3584.7407228593,396.8166390378,28199.4219753779,18816.66,3049.945,-2335.3,50610.266285942,11842.324,24279.3014143037,544.7475618,2303.7182186165,1946.7605633803,10321.0,1978.3609347,0.838,12766.6,1433.6276212137,626.0937,681.3972571,901.7863071917,2661.0871276,1061.27,702.0,573.889368484,23299.0238395644,551.316411186,445.5207416,12115.4672777071,307.9409131758,12007.7556277309,1125.683737986,293.3691570797,48354.418177,2059.702,447.4745997742,3298.1024329308,6175.1246426,769.8646433683,51119.4634437878,,2071.9507604775,1862.4646345364,965.1,719.3384761057,5608.4627333,1975.6595744681,1612.4837451,1333.0,3567.1999999,18.2222400435,500.0737721,9826.002544,3737.3717398,3625.4595617316,8219.7774386081,-840.3849999,233.21,3602.3640347965,53397.139,257.6,11.1053448,8864.6933333,311.366771248,2425.2665693605,,170.254,429.6644862546,56671.6215136258,38.2950788268,-604.2477654559,-151.22266525,53.3616172793,8300.1037797797,28100.1394514908,932.5513176,175.7119999,187.6038596,84.6725779229,3864.6171228913,1154.92070342,15945.52415,334.9555255993,49.615,51.3612709518,-1129.9660256,1116.5413071043,,1096.0,4499.0,9764.9145273,51675.8903167308,201393.0,4250.8309919,2680.0,8900.0,-133.5999999,2099.8,400.0
2014-01-01,42.9752625,1111.4343788609,1506.7334377,3657.5146674,5065.335542,406.5784067,208.3240222905,58506.7065695536,4583.1476571945,4430.3999999,3550.9673411,1518.6170212766,1551.28,592.43835135,1827.5999999,-3505.9051718412,152.74378035,405.737328497,-3.425,656.566,550.1990950162,515.1840883837,63845.8859999,40462.0072104,567.8897271594,461.5750298248,356.4038229063,47.061010532,183.5600723278,1853.471,726.548,59005.2047974655,46040.6097707,3.4750079,-675.5459154299,25566.074949,128501.56,113037.7814002435,3456.1851378405,2828.0,16168.7017148,1659.4502249578,,2926.6457695,439.35696104,2891.2076840301,150.1024935754,46454.0898755198,5492.0034609177,,1843.1732359,4682.3077896185,2208.5,776.6489461,4612.0,306.33942,167.8751825769,553.2902196007,379.579834106,18571.0679792223,2672.8762086007,61.928776326,1047.7029466848,35.5999999,1836.97998,-471.2127854609,3356.9899999,2686.8348755862,1442.35365,-73.7586037,28.8911559045,255.23,99.0,1417.4,7967.549949233,447.1128207919,34582.0968085767,21810.52,2105.494,-10176.4,48247.0474140794,6049.105,23253.8829646752,582.1487416,12029.7882267442,2178.4507042254,8489.3963142,1513.9001015,2.632,9273.6,953.4647854658,248.0,867.6461217,896.7358813917,2862.5094267,276.6999999,,-133.394444223,20060.3137911336,313.6822674043,598.7377818,10877.3451965559,144.2148312006,11204.9685810317,501.03790569,455.5621517869,30351.098455,337.7679999,497.6552017324,3561.0027669592,4901.7900893,441.1737665236,45033.9431137327,,1658.4475868699,2436.7976572675,1076.8,822.9670230921,4693.8286319,5530.1213805229,1287.3862159,1887.0,4458.6999999,-30.4011148172,663.8619731,4536.7022536,5739.5740241,14268.7364877288,4565.6665702177,1040.385,341.69,3215.6815856947,29151.662,458.8999999,41.3859821,8011.7866667,403.0980562861,2199.6396463539,,229.97,375.0896951457,73286.6106309933,53.1476531844,-512.8211151409,1051.2386458624,21.6915201719,5770.6589905148,23308.4904281748,893.6289803,159.6999998,164.0984156,25.5372958703,5332.0390217453,9340.0717116193,4975.4552142,272.5335950474,49.344,56.0437953833,661.4135054,1063.8047217379,,1058.5645403,410.0,11071.53702,24690.240731904,201733.0,2235.8226218,-1028.0,9200.0,-233.1049999,1488.7,545.0
2015-01-01,169.146608,945.7228447798,-584.5391991,10028.2151626,11758.9940113,184.1279863,-26.8715083799,29580.2688022598,1488.3578131588,4047.6999999,712.5639043,64.8936167553,2235.3899999,417.90656885,1667.9,28331.2992344391,64.6148159,149.755612076,-143.094,554.644,361.1401254898,378.5538700859,49961.3669917,66712.7415706,173.243339564,2217.3506218795,231.9017028926,7.3604477244,120.3906156681,1822.804,627.442,43835.9699403342,80501.5254569,3.0,559.6420225287,19764.0998015,135576.6,174352.8880575354,1010.5247865988,2391.0,11620.5326458,3803.3001329226,5.4112872,2751.8784814,494.4087540893,74.0638411184,146.4349326816,23945.6160955287,465.1049341938,,1673.5001001,3616.1304179158,2204.9,1331.3033373,6925.1999999,396.61577,233.3250728367,110.9612049262,205.2802700203,2109.1756351936,45364.6873129923,26.0071656606,990.7861788574,12.5,1728.75813,20339.5417729946,2970.89,1268.160975258,1230.89472,53.2724584,18.583021953,121.7099999,105.68,1203.5,-14537.4252422829,708.5303830397,44064.1017247475,16641.45,2050.0,-7574.2,217866.4151780761,11336.502,19635.1237100854,924.9778637,2975.5279380561,1600.2816901408,4056.6130596,1463.737592,-0.82,4104.1,310.551520359,1141.8835999,1077.7599146,738.9326528348,2159.2899517,626.96,,1055.0538111617,45432.1535559747,435.8242268908,408.465487,10082.341057483,275.5255351002,5069.2377676689,502.0739411535,216.4551883064,35943.753393,94.3199999,699.3653610341,3254.7993466027,3866.8319868,887.995532017,175988.0641295906,,1081.1873992184,-308.9303895452,967.0,529.4786960407,3064.1689045,-2514.9519417373,-2171.6514954,1673.0,4555.8,27.9763474341,443.700093,8206.4767945,5639.1559619,15270.8316752885,9181.7369912349,1070.8789999,237.3,3840.4748696328,11857.8099999,379.8,15.4996151,8141.0266667,409.1661244187,2690.2293631421,,194.545,252.4359045351,59700.1083770357,35.5442010056,106.1399145678,1675.0773601465,31.5971550749,1729.3769932118,14435.8149339842,679.6556442,102.9,266.741456,41.3213383803,5234.9540714465,65063.282840458,8927.6756901,240.4517530234,42.9949999,12.3470860877,176.8297449,1002.7375193079,,737.6521402,-331.0,8550.9018465,39185.7000993049,467625.0,1085.4044786,769.0,11800.0,-15.445,1304.8666667,421.0
2016-01-01,93.5913153,1100.671891147,1636.2992364,-179.5176189,3260.1643418,333.8239455,27.5418993855,48401.364842664,-8508.3064289035,4500.0,1259.5309198,243.3510638298,2332.7199999,269.3349267,1237.8,68245.1130149875,43.987411,131.7906839966,82.0,335.3655304,349.7591302159,142.5225765056,53700.3836574,49022.9459368,-149.6412928657,1040.260879768,390.6221139111,0.0554566185,125.9806521069,2475.916,663.7889999,36055.8742323592,58815.5907877,7.2560904839,244.6821209694,10522.7162137,133711.42,117386.9689845084,1942.0742308375,9692.0,13857.9377207,1611.6181955885,10.4632391,2203.9483806,577.871519342,266.225576144,133.0464048603,10928.2628544863,9814.7688699472,,1204.7086171,235.3039044999,2406.7,764.1908681,8106.8,347.4248,53.9988129036,1033.2866396582,389.841027307,8581.833477231,23077.2176838016,61.57578899,1243.660159686,-27.7,1653.99338,22679.6473401076,3470.67,2765.1534513294,1174.37206,1618.4472603,23.998591171,57.99908,104.9,1139.4,-5438.5483919219,-427.2365816464,44480.5717541894,3921.23,3372.0,-6255.9,39413.561798499,11988.255,28468.517411503,927.976719,19358.8360085998,1552.957746338,8514.3163369,1138.6128817,1.8069999,12104.3,418.7464119282,616.0,935.2961728,254.5881206969,2568.485071,453.18,,302.6056540701,17580.9700914303,450.6262707285,115.7,11335.9277294313,356.4765889328,4248.4326227004,271.1978404539,378.7644322698,31187.835391,-4156.4049999,226.4096433553,2157.1494410287,3093.4,355.5902317733,60488.8963826349,,541.4689905518,2978.7056309301,989.1,301.3324780821,3453.258408,-3899.880952381,2265.2795839,2576.0,4745.4,-39.7649208594,641.248989,6458.5218582,8279.5482749,15690.1475608581,5688.5475018264,773.9009998,83.23,5000.3874165947,37175.766913,342.3,30.6077707,7452.5333333,472.4097959111,2595.4809196166,,155.24,139.0,67502.0809959828,54.7099621229,805.9007803679,1245.9416855947,38.6075274498,2235.0014718269,29653.9815368267,897.0493759,296.6999999,299.9871397,21.3848676885,19610.2775172594,88472.3811790256,3486.2756535,374.6046213278,5.479,8.8461226,-23.5981824,884.9969506944,,625.7043619,4055.0,9604.7729999,258698.6754519801,459419.0,-1821.1025434,1068.0,12600.0,-561.0,662.9068877,372.0
2017-01-01,51.5338968,1148.8912235515,1232.3419239,-7397.2954091,11516.8614623,252.7479907,87.8622791061,46114.2279039823,14953.0620858327,2867.0,901.4482022,1426.0638297872,2151.56,206.1573627,1278.5,-3064.8094802363,24.4946865,200.9027192055,-288.109271,712.4741377,491.8880168842,260.5750454123,66584.9274438,39609.9713347,460.0837141264,1813.85019148,2.5726903201,0.3164830954,111.1092921351,2785.7308472,814.0019999,22766.8459250813,15173.3952324,6.8887514009,363.3816363971,6694.6040256,136315.13,110684.502614442,1509.3446299527,3401.0,13700.8804452,4416.953733854,1.9186428,2778.314023,975.0149981034,529.888851233,172.6789860335,9437.6235096757,9521.6820176649,,1340.2041005,5436.5588401442,3570.7,629.5824123,7408.6999999,889.07292,304.8272494895,1277.2793303284,386.1859420479,2863.7272511607,24832.5256153907,90.0386507711,1314.0293297202,18.4448359,1990.52644,48389.8860157477,3239.09,3484.8126433276,1130.01766,577.59,15.691197941,212.15138,374.86,1175.8,3514.8946121085,-41.3985192939,39903.8404018822,20579.23,5019.0,-5032.4,52834.9205273325,16892.825,24047.0826131652,888.8352285,9355.5872391169,2029.7183097183,4714.0808305,1403.5675889,0.785,17912.9,348.1221687819,-107.0,1686.2757863,745.5857932016,2522.4096534,247.84,,1020.7860281741,-27369.7766631647,357.8622064048,90.2,9398.8145399075,563.2084704087,3407.2897955287,587.243765925,479.9958902667,34012.410405,1494.3499999,558.565763943,2686.0297152291,2293.0999999,279.9460361905,20589.3145920177,,488.6632104261,2722.7318265466,1035.4,338.7107098987,2412.9749162,-5849.0002623412,2988.2964889467,2496.0,4281.8393726,-180.176709661,339.5733046,6530.1928195,10256.4423989,9172.3400708591,6928.2776174015,985.989011,151.59,5419.471085844,25953.53583,356.4365006,29.1844523,1418.8436138,588.2929975411,3166.8017140566,,186.5840773,414.0,85368.700803082,64.2482970391,4016.7707673885,897.7449993787,42.8399001317,2008.3609780993,23502.8976175145,1372.7230431,188.3445258,98.2030207,-56.0101828307,15264.0235072279,128120.2601224751,8285.1698197,205.2980117712,6.716,13.7807857314,-470.8825777,880.7877904874,,802.704141,3727.0,10354.223,96353.8315014543,308956.0,-590.4510273,-68.0,14100.0,-269.85,1107.5198048,349.0
2018-01-01,119.4351057,1289.6890536982,1474.5890692,-6456.0764131,11716.5835681,266.8550488,110.1756500559,67568.1329814736,5389.7691421067,1403.0,947.4300315,1654.2553191489,3613.3,241.5964999,1421.0,27137.1750601106,118.27554695,194.073683336,95.4163715,302.3687813,581.3830514458,285.9550619291,59802.4064898,34389.7091232,517.303114568,1142.612471598,268.4149081386,,103.1895886379,3212.633447,761.5495497498,37661.9247456047,20680.8117761,18.0035354551,460.89050765,13030.5193619,138305.89,104245.7102762008,2613.4384274922,7114.0,11298.6927739,4315.2509183882,11.5587222,2487.1804005,620.3306458028,1199.036387599,0.0,-413.4801654522,11010.363960433,,1616.7948841,-2497.2211308394,2535.3,1389.1987631,8141.3,826.01,396.0777800117,1426.3191343124,470.9731816919,-2171.7770545082,41832.9845578267,5.9378413702,1379.0708158589,51.94,1351.5297,72022.4027247004,2908.16,3973.2651764584,980.65193,352.76,20.5638182321,1231.06,105.0,961.3,6460.3310740465,-381.4675241156,42156.1933670502,20563.47,2373.0,-4885.1,-12017.4025593666,21514.605,37681.9261855612,774.6206031,9962.7208448871,954.9295774648,3897.7586346,1139.4382243,-1.1443647,12182.6,204.0169957974,144.0,1358.0195062,963.6596391945,2658.0038446,129.13,,976.6383394822,-83336.4825478405,352.5516225792,77.012306,7618.3376991572,467.2953914129,4023.6167467748,772.8904771887,460.5113682408,34097.227208,2173.741,489.8148206715,3558.8788615338,2703.0312939,208.5567579788,99381.3302045887,,345.2953720801,2297.859620912,837.6,466.0422733311,775.2474,225.7608361512,6455.1365409623,1737.0,4750.5034767,305.6634642624,164.3012466,6761.1857889,9948.598824,15996.269918158,7181.3826600313,-2186.2637363,296.99,6218.911348037,13227.64206,381.9115985,23.203612,4247.1190934,847.8415753981,4411.8794125914,,-66.125331,250.0,73561.0249384287,-47.9150834637,1675.0848941628,1384.17299521,24.838211356,5449.5540137104,58062.8551723486,1614.0440092,251.6283945,119.19076,36.4744492772,5269.1291522203,-101147.6685452145,13751.7620619,725.2026713275,47.926,15.0474744,-700.1857012,1035.9417379113,,1055.3533526,4732.0,10385.286,87837.4772524722,203234.0,-11.1216036,886.0,15500.0,-282.0983333,408.4384917,745.0079428
2019-01-01,23.4045536,1287.9669889262,1381.81231,-4098.4787476,6649.187838,100.2872144,-136.116582905,38886.1507104241,4905.4797083992,1503.9,610.9571738,1548.1382978723,2873.95,215.3701286,1293.1,11860.8358446885,93.9102417,218.2078716252,4.9853965,-216.6368431,457.5139829327,93.6071271335,65386.0413218,39103.3616106,374.573290652,1835.2701942065,162.9695429534,1.0449574151,123.2313303446,3663.0329995,1026.9153278401,50543.6793832949,28165.1289833,25.601157287,566.6389479523,14403.4339009,141224.62,73714.027343577,6682.634344716,8240.0,13989.15403,3366.0850121848,8.5691089,2812.2612876,935.684596869,401.4847690729,203.2304536313,52329.652888469,10108.4069717581,,1488.0535699,27029.3773981561,3021.0,979.0204962,9010.0,636.16817,452.2871120704,3082.948026142,321.006409482,13456.0874802413,13100.0944836758,12.731152748,1553.1368754115,71.0833058,1352.18174,52683.664399357,3292.07,5019.2067714794,976.14102,44.4,71.65868036,1695.29322,75.0,498.1,4256.1761074795,-224.9060072325,50558.3310017797,23883.25,1508.0,-3508.2,149433.097945092,17362.681,18145.5675513503,665.415555,13755.3732060788,729.7183098592,3284.1810607,1098.3759473,-0.5582805,9634.3,350.7254974293,404.0,755.5241242,924.6862112046,1905.3627395,86.68,,3021.6416874516,163717.5968009887,474.3114254,55.2278316,7812.7771595208,720.6388353038,3778.1053448206,886.9163586447,444.0777608829,34567.04635,2443.34,416.4472570628,1719.9614519008,2211.654426,-178.9256710885,-1140.2647781873,,723.4803567883,4273.0791402454,503.0,717.1476396195,2305.0998117,16714.7727272727,4236.6710013004,2234.0,3920.9840219,335.1767566888,331.7178381,6241.0556564,8671.36587,13510.1676705193,12251.4775436707,-2812.6373626,508.62,5791.0433057644,32075.62193,353.8444861,24.1917995,4562.573671,1065.4628196927,4554.8498112565,,30.3973594,342.0,97483.5026441219,73.8683381006,2510.6377021212,1462.9139146244,32.8086159259,5124.9869622486,17842.3689878604,743.4662315,131.8799842,-7.7846764,130.2214963559,8760.8313036451,-83217.6163947393,5518.718141,446.4021523023,-106.2797498,1.742414,183.9727653,844.7969335132,,1273.609177,6017.0,17874.6594005,53918.2712251658,229929.0,2017.6810442,-1278.0,16120.0,-370.9827777,859.8209279,280.0
2020-01-01,12.970148,1108.1591673843,1142.64069,-1866.4681131,4722.6488131,58.5827501,137.183472067,13582.8255057344,-9351.4194625736,507.0,896.7839201,1021.3829787234,2563.58,262.1,1398.4,6805.2075028612,76.2028135,174.0199519567,111.935757,-1129.4872713,429.046999862,31.8071952391,28318.4513242,39619.63521,577.4431163808,3397.0831602525,-102.2436256073,8.7221191164,67.8999101541,3624.6449901,675.1869937,26884.3301249,23621.0494316,1.7373598234,557.6925033123,10832.5614959,149342.26,134709.8520738664,-6980.4189778475,6053.0,7458.62498,4015.5314509042,5.3165523,1762.6553921,712.9158938811,146.3506659151,155.743256257,-24450.8417723008,9411.4762128585,,1646.9210563,1685.2252897823,2559.6,1094.6859008,5851.8,293.44233,410.0169183231,3419.3445516079,240.6394304698,-1578.5157383273,11359.1454541716,-15.5476129028,1716.5115055221,189.9,589.79809,56204.0739869287,1333.37,3212.5060193762,934.87964,176.35,20.9897215969,2085.89437,25.0,418.6,7046.7195910922,-927.8202006485,64072.2384930738,18590.96,1342.0,-2859.1,76571.7196683975,23109.378,-23621.7684401934,265.1005536,10702.5667680909,760.2816901408,3669.6427651,716.7562236,2.6240928,8764.9,239.6867744495,-401.5,967.7060862,1005.1330316411,1606.8947219,86.96,,3518.3311136646,9838.8817438144,358.4671414,252.1790402,3159.5148974112,536.8518124411,3921.4237252515,954.8425755274,224.6680827703,28195.14663,1719.12,532.2844960514,1419.2078697277,3034.5620562,-146.4870553335,-86507.0566506683,,571.7281290163,3886.3648449021,746.5,360.6535742647,2385.2776659,-8228.6930959799,2889.466840052,2057.0,149.9502883,111.7676028779,110.0731275,-416.5735892,6822.13329,15195.4411343109,7683.3262882265,-2434.0659341,150.12,3432.3008637291,10409.86811,274.1226086,31.9548582,5399.1570396,1845.6638812822,3863.3484750533,,164.5361902,173.0,72902.6876039144,22.1674600559,-2403.5431693215,219.9992004624,9.1334703612,3062.2564228128,17948.1008696685,434.0756685,79.7449923,0.3488434,35.8862050535,21514.1533253662,-50251.7302455363,-4950.9983569,230.0606563519,-804.7964807,4.2263883,1055.7884544,652.1218137947,,873.7697904,-36.0,19884.4686649,58237.1794871795,95882.0,753.2187613,-456.0,15800.0,,245.2054914,194.0
2021-01-01,20.6009761,1233.9176859919,869.65657,-4355.1165527,6782.3488872,366.4452148,143.047538324,20898.8119204582,13493.6483416795,-1707.7,1185.0,1779.1755319149,2895.56,238.7350643,1238.41386,11587.3087212919,125.495495,345.9852355953,1.5314229,583.5764247,587.3158814131,-318.8719495569,50651.1702806,39361.4984103,204.7493272471,1892.4481095076,-79.9573553438,9.9335399547,104.2537361546,3483.4616057,963.5315035,65658.7528122774,25893.0892074,5.4099802504,705.1007593043,13193.9758052,180957.2149443,140186.022577429,4771.0758010836,5416.0,9381.29061,531.9813912909,-2.2084299,3231.0517604,1376.5587990241,4427.4224181366,145.7004006704,-35743.7630167689,9050.6439183857,,1870.0325028,4681.4809913549,3196.8,647.2981509,5122.0,314.47614,459.8483212854,-831.9995884063,407.0252912998,13806.129907486,30884.9027905579,-25.6244477176,1529.2210841177,248.55,1241.82174,46467.6615091296,2413.89,6328.1893248208,3461.7743,197.61,18.5297233557,4468.10466,51.299,738.7,7558.8109729513,153.0449206332,44762.6796365955,21131.11,1425.0,-2637.0,-4929.6624222052,21486.458,-8955.7110990734,320.48,24652.0311709086,621.8309859155,3336.7948055,463.3489357,1.031376,22060.4,567.2268211097,226.2,1071.9137156,3322.3180767693,605.143327,45.68,,2864.5738467689,25122.5910532777,357.5366653,129.4970785,12173.3758952409,639.9441653972,4116.2834981679,1063.5400782285,253.1892527542,31543.457456,2173.39,698.9195783767,2266.4556114246,5101.6679545,697.2702178443,-77453.3756951557,,793.713550772,3993.4927146697,1220.1,594.831963083,3313.21,1749.3597206054,4020.8062418726,2147.0,1926.9511123,-10.7124914358,191.5862305,5755.3612241,11983.36333,29580.0764231857,9614.9249481368,-1093.4065934,410.05,10573.7001090487,38638.90745,399.2944886,13.9485279,19285.6435846,2588.1249941674,5087.102013734,,224.7846582,212.0,131151.4920546073,27.9507924022,58.7088778868,1773.304044736,27.8048534122,40948.1145742535,21957.1753318178,592.2899699,353.4770549,-124.0453495,117.4739160892,21133.1643535228,-88169.2998601515,14640.8730289,556.4949792666,-755.276826,0.2584876,-1008.381652,660.2332394693,,1100.217529,7320.0,20667.1204901,-71173.8290249152,387780.0,2241.4844906,-996.0,15660.0,,-351.646566,250.0
2022-01-01,,1434.1255065163,88.7685192,-6142.2488482,15087.3983545,998.0554254,253.3748167039,61629.4781585723,1946.8179089829,-4474.47,1254.8319129,1951.329787234,3479.95,200.0,1603.42454,-1710.1505437942,133.5564676,266.6031894723,-32.8933333,-26.3584197,661.3662768659,216.0260456869,86050.3589742,38118.5510885,-292.4163595503,2504.8770554451,121.2954997553,12.8836879339,136.056543,3578.8312959,888.5446083,52633.1964457898,24590.0198496,24.0477221852,614.0185064633,19786.0049798,189132.41,117725.0553763131,4000.0,10189.0,17047.55184,532.2562510334,3.8924104,3045.0352224,1583.694622218,3674.5907959361,140.679716648,4913.2526082955,9853.134066083,,1845.7733086,4493.543948745,4010.4,788.0578035,11399.9,-99.10179,458.5099029987,1205.1168588831,103.8881042897,9444.790780351,36413.3593927702,-9.4803026,1104.5920390423,236.0,1999.99014,11053.3958703655,1472.6,7603.6389823762,1352.40938,139.4533333,21.9408848921,4408.44348,39.3032,822.6,8571.4661649745,619.5968415175,49354.6119469879,21968.17,1500.0,-2088.2,1490.0634356335,27760.138,19946.8421185648,359.5146667,32508.808407328,1137.0422535211,6108.4128491,759.4937022,1.0323961,17996.0,757.7713697959,290.9,528.2248497,1507.9652578284,457.878416,73.1066667,,2157.8751168884,-322053.7812860669,396.244477,188.5640343,16939.6011339045,252.9127313244,4239.6832851739,1147.5553133515,252.104279704,35291.618356,2504.29,876.751692354,2141.3963266166,1975.2948418,945.0867063593,-67340.3343428557,,696.3073455,7538.7573921352,1293.8,580.7370274791,-186.7924289,-3435.5550512072,3715.6480278283,1339.0,2640.4232533,326.7148607955,473.5296986,11655.582069,9199.94291,29461.8954191771,9099.4033147856,76.0989011,587.3,11272.9459238604,-18681.12,398.5993548,126.6038371,7886.3419579,2586.1799342661,5465.4202400108,,212.0543627,250.0,141210.9668252014,13.4619484916,2905.4332335746,1622.0260018702,40.804077467,9051.1940893575,34811.0725929421,898.2952138,232.9411621,7.2837788,21.2040181618,45963.0673591154,13311.3012013619,10033.6581375,793.8037623312,262.459429,2.8674873,-493.1265947,713.3651243717,,1526.1891065,848.0,22736.5554799,14093.3955543065,285057.0,3838.7455694,941.3333333,17900.0,,115.899184,341.5
